fcfbe3,::1,GET,http://localhost:8888/index_dev.php/,1535476850,,500
a8b345,::1,GET,http://localhost:8888/index_dev.php/,1535476888,,200
056e85,::1,GET,http://localhost:8888/index_dev.php/,1535476926,,200
6bb487,::1,GET,http://localhost:8888/index_dev.php/,1535476973,,500
d366d5,::1,GET,http://localhost:8888/index_dev.php/,1535476981,,500
9c8dad,::1,GET,http://localhost:8888/index_dev.php/,1535476992,,500
56eaaa,::1,GET,http://localhost:8888/index_dev.php/,1535477054,,200
7d2303,::1,GET,http://localhost:8888/index_dev.php/,1535477136,,200
30b97a,::1,GET,http://localhost:8888/index_dev.php/,1535477140,,200
3f60bb,::1,GET,http://localhost:8888/index_dev.php/,1535477222,,200
e9a36d,::1,GET,http://localhost:8888/index_dev.php/,1535477341,,200
017de3,::1,GET,http://localhost:8888/index_dev.php/,1535477429,,200
3bf4e0,::1,GET,http://localhost:8888/index_dev.php/,1535477545,,200
7e731e,::1,GET,http://localhost:8888/index_dev.php/,1535478043,,200
40a778,::1,GET,http://localhost:8888/index_dev.php/,1535478071,,200
156748,::1,GET,http://localhost:8888/index_dev.php/,1535478093,,200
5a08b1,::1,GET,http://localhost:8888/index_dev.php/,1535478227,,200
eb0ae6,::1,GET,http://localhost:8888/index_dev.php/,1535478299,,200
c4e8aa,::1,GET,http://localhost:8888/index_dev.php/,1535478315,,200
d538c8,::1,GET,http://localhost:8888/index_dev.php/,1535478412,,200
67b3b7,::1,GET,http://localhost:8888/index_dev.php/,1535478431,,200
a9666e,::1,GET,http://localhost:8888/index_dev.php/,1535627671,,200
961987,::1,GET,http://localhost:8888/index_dev.php/,1535627785,,200
7bd6ca,::1,GET,http://localhost:8888/index_dev.php/,1535627847,,200
